[
	{
		"objectId": "37F1030A-4CA6-4C1F-99C7-DBA6BD39EC1D",
		"kind": "artboard",
		"name": "Step_1_Artboard",
		"originalName": "Step 1 Artboard",
		"maskFrame": null,
		"layerFrame": {
			"x": 315,
			"y": 52,
			"width": 360,
			"height": 640
		},
		"visible": true,
		"metadata": {},
		"backgroundColor": "rgba(255, 255, 255, 1)",
		"children": [
			{
				"objectId": "62D0818D-0BB9-46F0-A20A-BC321524BDB4",
				"kind": "group",
				"name": "Step_1",
				"originalName": "Step 1",
				"maskFrame": null,
				"layerFrame": {
					"x": 0,
					"y": 0,
					"width": 360,
					"height": 640
				},
				"visible": true,
				"metadata": {
					"opacity": 1
				},
				"children": [
					{
						"objectId": "9DA01442-D7D5-4C41-BA51-818C8FBB832B",
						"kind": "group",
						"name": "Status_Bar_1",
						"originalName": "Status Bar 1*",
						"maskFrame": null,
						"layerFrame": {
							"x": 0,
							"y": 0,
							"width": 360,
							"height": 24
						},
						"visible": true,
						"metadata": {
							"opacity": 1
						},
						"image": {
							"path": "images/Layer-Status_Bar_1-ourbmde0.png",
							"frame": {
								"x": 0,
								"y": 0,
								"width": 360,
								"height": 24
							}
						},
						"children": []
					},
					{
						"objectId": "3812C627-E0EC-493D-BF6A-3BEFB489C053",
						"kind": "group",
						"name": "Graphic_1",
						"originalName": "Graphic 1*",
						"maskFrame": {
							"x": 0,
							"y": 0,
							"width": 170,
							"height": 254
						},
						"layerFrame": {
							"x": 96,
							"y": 84,
							"width": 170,
							"height": 254
						},
						"visible": true,
						"metadata": {
							"opacity": 1
						},
						"image": {
							"path": "images/Layer-Graphic_1-mzgxmkm2.png",
							"frame": {
								"x": 96,
								"y": 84,
								"width": 170,
								"height": 254
							}
						},
						"children": []
					},
					{
						"objectId": "B3274018-8467-481C-AD7F-35EDED1F7E58",
						"kind": "group",
						"name": "Position_1",
						"originalName": "Position 1*",
						"maskFrame": null,
						"layerFrame": {
							"x": 154,
							"y": 377,
							"width": 52,
							"height": 12
						},
						"visible": true,
						"metadata": {
							"opacity": 1
						},
						"image": {
							"path": "images/Layer-Position_1-qjmynzqw.png",
							"frame": {
								"x": 154,
								"y": 377,
								"width": 52,
								"height": 12
							}
						},
						"children": []
					},
					{
						"objectId": "6AE07A80-8551-4BFC-B18D-F4F97157475F",
						"kind": "group",
						"name": "Message_1",
						"originalName": "Message 1*",
						"maskFrame": null,
						"layerFrame": {
							"x": 22,
							"y": 450,
							"width": 316,
							"height": 75
						},
						"visible": true,
						"metadata": {
							"opacity": 1
						},
						"image": {
							"path": "images/Layer-Message_1-nkffmddb.png",
							"frame": {
								"x": 22,
								"y": 450,
								"width": 316,
								"height": 75
							}
						},
						"children": []
					},
					{
						"objectId": "6AE5C203-D17C-463C-9380-C9172C57091E",
						"kind": "group",
						"name": "CTA_1",
						"originalName": "CTA 1*",
						"maskFrame": null,
						"layerFrame": {
							"x": 76,
							"y": 564,
							"width": 208,
							"height": 44
						},
						"visible": true,
						"metadata": {
							"opacity": 1
						},
						"image": {
							"path": "images/Layer-CTA_1-nkffnumy.png",
							"frame": {
								"x": 76,
								"y": 564,
								"width": 208,
								"height": 44
							}
						},
						"children": []
					},
					{
						"objectId": "869B145C-ED6B-4C08-87D5-381FE8D30588",
						"kind": "group",
						"name": "Background_1",
						"originalName": "Background 1*",
						"maskFrame": null,
						"layerFrame": {
							"x": 0,
							"y": 0,
							"width": 360,
							"height": 640
						},
						"visible": true,
						"metadata": {
							"opacity": 1
						},
						"image": {
							"path": "images/Layer-Background_1-ody5qje0.png",
							"frame": {
								"x": 0,
								"y": 0,
								"width": 360,
								"height": 640
							}
						},
						"children": []
					}
				]
			}
		]
	},
	{
		"objectId": "169348B7-CE2D-443A-AC6F-2196055A0A59",
		"kind": "artboard",
		"name": "Step_2_Artboard",
		"originalName": "Step 2 Artboard",
		"maskFrame": null,
		"layerFrame": {
			"x": 775,
			"y": 52,
			"width": 360,
			"height": 640
		},
		"visible": true,
		"metadata": {},
		"backgroundColor": "rgba(255, 255, 255, 1)",
		"children": [
			{
				"objectId": "A9029FCF-08CD-4B22-BDBF-AC838E508F12",
				"kind": "group",
				"name": "Step_2",
				"originalName": "Step 2",
				"maskFrame": null,
				"layerFrame": {
					"x": 0,
					"y": 0,
					"width": 360,
					"height": 640
				},
				"visible": true,
				"metadata": {
					"opacity": 1
				},
				"children": [
					{
						"objectId": "D6669FEA-B372-4934-9C00-9571173B830C",
						"kind": "group",
						"name": "Status_Bar_2",
						"originalName": "Status Bar 2*",
						"maskFrame": null,
						"layerFrame": {
							"x": 0,
							"y": 0,
							"width": 360,
							"height": 24
						},
						"visible": true,
						"metadata": {
							"opacity": 1
						},
						"image": {
							"path": "images/Layer-Status_Bar_2-rdy2njlg.png",
							"frame": {
								"x": 0,
								"y": 0,
								"width": 360,
								"height": 24
							}
						},
						"children": []
					},
					{
						"objectId": "72091D4B-5491-4CE3-8DC2-2A824AC19E0C",
						"kind": "group",
						"name": "Graphic_2",
						"originalName": "Graphic 2",
						"maskFrame": null,
						"layerFrame": {
							"x": 67,
							"y": 79,
							"width": 228,
							"height": 247
						},
						"visible": true,
						"metadata": {
							"opacity": 1
						},
						"children": [
							{
								"objectId": "3875B96F-E731-4B49-B9EB-A8D8D5732280",
								"kind": "group",
								"name": "Group_4",
								"originalName": "Group 4",
								"maskFrame": null,
								"layerFrame": {
									"x": 72,
									"y": 79,
									"width": 223,
									"height": 226
								},
								"visible": true,
								"metadata": {
									"opacity": 1
								},
								"image": {
									"path": "images/Layer-Group_4-mzg3nui5.png",
									"frame": {
										"x": 72,
										"y": 79,
										"width": 223,
										"height": 226
									}
								},
								"children": []
							},
							{
								"objectId": "190CD374-F54D-4D4F-9B96-33E9256677A9",
								"kind": "group",
								"name": "Group_3",
								"originalName": "Group 3",
								"maskFrame": {
									"x": 0.00011207825809833599,
									"y": 0.1762411097399763,
									"width": 121.11518073289007,
									"height": 211.6806222681791
								},
								"layerFrame": {
									"x": 67,
									"y": 113,
									"width": 122,
									"height": 213
								},
								"visible": true,
								"metadata": {
									"opacity": 1
								},
								"image": {
									"path": "images/Layer-Group_3-mtkwq0qz.png",
									"frame": {
										"x": 67,
										"y": 113,
										"width": 122,
										"height": 213
									}
								},
								"children": []
							}
						]
					},
					{
						"objectId": "C0751E00-12C4-4FE8-AD50-C72E2422A105",
						"kind": "group",
						"name": "Position_2",
						"originalName": "Position 2*",
						"maskFrame": null,
						"layerFrame": {
							"x": 154,
							"y": 377,
							"width": 52,
							"height": 12
						},
						"visible": true,
						"metadata": {
							"opacity": 1
						},
						"image": {
							"path": "images/Layer-Position_2-qza3ntff.png",
							"frame": {
								"x": 154,
								"y": 377,
								"width": 52,
								"height": 12
							}
						},
						"children": []
					},
					{
						"objectId": "AA02AD6F-03FD-4023-B523-15E329925A9E",
						"kind": "group",
						"name": "Message_2",
						"originalName": "Message 2*",
						"maskFrame": null,
						"layerFrame": {
							"x": 21,
							"y": 449,
							"width": 317,
							"height": 76
						},
						"visible": true,
						"metadata": {
							"opacity": 1
						},
						"image": {
							"path": "images/Layer-Message_2-quewmkfe.png",
							"frame": {
								"x": 21,
								"y": 449,
								"width": 317,
								"height": 76
							}
						},
						"children": []
					},
					{
						"objectId": "3E907C7B-BD48-4577-9787-152B6C978BA5",
						"kind": "group",
						"name": "CTA_2",
						"originalName": "CTA 2*",
						"maskFrame": null,
						"layerFrame": {
							"x": 76,
							"y": 564,
							"width": 208,
							"height": 44
						},
						"visible": true,
						"metadata": {
							"opacity": 1
						},
						"image": {
							"path": "images/Layer-CTA_2-m0u5mddd.png",
							"frame": {
								"x": 76,
								"y": 564,
								"width": 208,
								"height": 44
							}
						},
						"children": []
					},
					{
						"objectId": "DAD79DAB-3D59-4581-AAC4-DE917AFB1FA9",
						"kind": "group",
						"name": "Background_2",
						"originalName": "Background 2*",
						"maskFrame": null,
						"layerFrame": {
							"x": 0,
							"y": 0,
							"width": 360,
							"height": 640
						},
						"visible": true,
						"metadata": {
							"opacity": 1
						},
						"image": {
							"path": "images/Layer-Background_2-refenzle.png",
							"frame": {
								"x": 0,
								"y": 0,
								"width": 360,
								"height": 640
							}
						},
						"children": []
					}
				]
			}
		]
	},
	{
		"objectId": "F64EDC7C-5D65-4164-8FE5-445E0A5D2610",
		"kind": "artboard",
		"name": "Step_3_Artboard",
		"originalName": "Step 3 Artboard",
		"maskFrame": null,
		"layerFrame": {
			"x": 1235,
			"y": 52,
			"width": 360,
			"height": 640
		},
		"visible": true,
		"metadata": {},
		"backgroundColor": "rgba(255, 255, 255, 1)",
		"children": [
			{
				"objectId": "D6003E3E-BE80-43BC-99A7-5F040FD3D64C",
				"kind": "group",
				"name": "Step_3",
				"originalName": "Step 3",
				"maskFrame": null,
				"layerFrame": {
					"x": 0,
					"y": 0,
					"width": 360,
					"height": 640
				},
				"visible": true,
				"metadata": {
					"opacity": 1
				},
				"children": [
					{
						"objectId": "D40CC1DE-5291-4465-9D32-D388A28C1672",
						"kind": "group",
						"name": "Status_Bar_3",
						"originalName": "Status Bar 3*",
						"maskFrame": null,
						"layerFrame": {
							"x": 0,
							"y": 0,
							"width": 360,
							"height": 24
						},
						"visible": true,
						"metadata": {
							"opacity": 1
						},
						"image": {
							"path": "images/Layer-Status_Bar_3-rdqwq0mx.png",
							"frame": {
								"x": 0,
								"y": 0,
								"width": 360,
								"height": 24
							}
						},
						"children": []
					},
					{
						"objectId": "5787188F-0E0A-4EDA-8E27-5F146B2ABAEF",
						"kind": "group",
						"name": "Graphic_3",
						"originalName": "Graphic 3*",
						"maskFrame": null,
						"layerFrame": {
							"x": 62,
							"y": 78,
							"width": 237,
							"height": 230
						},
						"visible": true,
						"metadata": {
							"opacity": 1
						},
						"image": {
							"path": "images/Layer-Graphic_3-ntc4nze4.png",
							"frame": {
								"x": 62,
								"y": 78,
								"width": 237,
								"height": 230
							}
						},
						"children": []
					},
					{
						"objectId": "0F0C58CB-19DE-41AA-8519-A8E340D7418B",
						"kind": "group",
						"name": "Position_3",
						"originalName": "Position 3*",
						"maskFrame": null,
						"layerFrame": {
							"x": 154,
							"y": 377,
							"width": 52,
							"height": 12
						},
						"visible": true,
						"metadata": {
							"opacity": 1
						},
						"image": {
							"path": "images/Layer-Position_3-meywqzu4.png",
							"frame": {
								"x": 154,
								"y": 377,
								"width": 52,
								"height": 12
							}
						},
						"children": []
					},
					{
						"objectId": "20B9F6AC-4281-4BDE-AEC5-EA572FF47FC0",
						"kind": "group",
						"name": "Message_3",
						"originalName": "Message 3*",
						"maskFrame": null,
						"layerFrame": {
							"x": 36,
							"y": 450,
							"width": 287,
							"height": 75
						},
						"visible": true,
						"metadata": {
							"opacity": 1
						},
						"image": {
							"path": "images/Layer-Message_3-mjbcouy2.png",
							"frame": {
								"x": 36,
								"y": 450,
								"width": 287,
								"height": 75
							}
						},
						"children": []
					},
					{
						"objectId": "1B0A7741-A728-402B-A6B9-E421D09CFC8F",
						"kind": "group",
						"name": "CTA_3",
						"originalName": "CTA 3*",
						"maskFrame": null,
						"layerFrame": {
							"x": 76,
							"y": 564,
							"width": 208,
							"height": 44
						},
						"visible": true,
						"metadata": {
							"opacity": 1
						},
						"image": {
							"path": "images/Layer-CTA_3-muiwqtc3.png",
							"frame": {
								"x": 76,
								"y": 564,
								"width": 208,
								"height": 44
							}
						},
						"children": []
					},
					{
						"objectId": "B784DC08-AE28-4F66-933D-63DA2B8C0F05",
						"kind": "group",
						"name": "Background_3",
						"originalName": "Background 3*",
						"maskFrame": null,
						"layerFrame": {
							"x": 0,
							"y": 0,
							"width": 360,
							"height": 640
						},
						"visible": true,
						"metadata": {
							"opacity": 1
						},
						"image": {
							"path": "images/Layer-Background_3-qjc4nerd.png",
							"frame": {
								"x": 0,
								"y": 0,
								"width": 360,
								"height": 640
							}
						},
						"children": []
					}
				]
			}
		]
	},
	{
		"objectId": "B5EC7FBD-BB9A-4167-94DF-BC4E68E587BE",
		"kind": "artboard",
		"name": "Feed_Activities_Artboard",
		"originalName": "Feed Activities Artboard",
		"maskFrame": null,
		"layerFrame": {
			"x": 1695,
			"y": 52,
			"width": 360,
			"height": 640
		},
		"visible": true,
		"metadata": {},
		"backgroundColor": "rgba(255, 255, 255, 1)",
		"children": [
			{
				"objectId": "949AB920-DE2D-4525-8729-FCA2547A0640",
				"kind": "group",
				"name": "Feed",
				"originalName": "Feed",
				"maskFrame": null,
				"layerFrame": {
					"x": 0,
					"y": 0,
					"width": 360,
					"height": 1074
				},
				"visible": true,
				"metadata": {
					"opacity": 1
				},
				"children": [
					{
						"objectId": "805445EA-A86A-4FAE-A33D-775870DA85F3",
						"kind": "group",
						"name": "FAB_Button",
						"originalName": "FAB Button*",
						"maskFrame": null,
						"layerFrame": {
							"x": 282,
							"y": 565,
							"width": 68,
							"height": 68
						},
						"visible": true,
						"metadata": {
							"opacity": 1
						},
						"image": {
							"path": "images/Layer-FAB_Button-oda1ndq1.png",
							"frame": {
								"x": 282,
								"y": 565,
								"width": 68,
								"height": 68
							}
						},
						"children": []
					},
					{
						"objectId": "1A6ADC47-C840-4E3E-8773-74F12D084624",
						"kind": "group",
						"name": "App_Bar",
						"originalName": "App Bar*",
						"maskFrame": null,
						"layerFrame": {
							"x": 0,
							"y": 0,
							"width": 360,
							"height": 80
						},
						"visible": true,
						"metadata": {
							"opacity": 1
						},
						"image": {
							"path": "images/Layer-App_Bar-mue2qurd.png",
							"frame": {
								"x": 0,
								"y": 0,
								"width": 360,
								"height": 80
							}
						},
						"children": []
					},
					{
						"objectId": "78BE0C00-301D-4FA6-9BD9-F1D1CBE710F7",
						"kind": "group",
						"name": "Activities_Feed",
						"originalName": "Activities Feed",
						"maskFrame": null,
						"layerFrame": {
							"x": 4,
							"y": 94,
							"width": 352,
							"height": 980
						},
						"visible": true,
						"metadata": {
							"opacity": 1
						},
						"children": [
							{
								"objectId": "B0B811C8-9D89-4103-BFA9-87C1F9D4C873",
								"kind": "group",
								"name": "Card1",
								"originalName": "Card1*",
								"maskFrame": null,
								"layerFrame": {
									"x": 4,
									"y": 94,
									"width": 352,
									"height": 140
								},
								"visible": true,
								"metadata": {
									"opacity": 1
								},
								"image": {
									"path": "images/Layer-Card1-qjbcodex.png",
									"frame": {
										"x": 4,
										"y": 94,
										"width": 352,
										"height": 140
									}
								},
								"children": []
							},
							{
								"objectId": "EE566C9C-BABA-43A3-A7B4-BE9517269B45",
								"kind": "group",
								"name": "Card2",
								"originalName": "Card2*",
								"maskFrame": null,
								"layerFrame": {
									"x": 4,
									"y": 234,
									"width": 352,
									"height": 140
								},
								"visible": true,
								"metadata": {
									"opacity": 1
								},
								"image": {
									"path": "images/Layer-Card2-ruu1njzd.png",
									"frame": {
										"x": 4,
										"y": 234,
										"width": 352,
										"height": 140
									}
								},
								"children": []
							},
							{
								"objectId": "3A531A07-D6D2-4644-8025-D509E58026E2",
								"kind": "group",
								"name": "Card3",
								"originalName": "Card3*",
								"maskFrame": null,
								"layerFrame": {
									"x": 4,
									"y": 374,
									"width": 352,
									"height": 140
								},
								"visible": true,
								"metadata": {
									"opacity": 1
								},
								"image": {
									"path": "images/Layer-Card3-m0e1mzfb.png",
									"frame": {
										"x": 4,
										"y": 374,
										"width": 352,
										"height": 140
									}
								},
								"children": []
							},
							{
								"objectId": "9A8CDCA7-444F-437D-B09F-846E5A655F4E",
								"kind": "group",
								"name": "Card4",
								"originalName": "Card4*",
								"maskFrame": null,
								"layerFrame": {
									"x": 4,
									"y": 514,
									"width": 352,
									"height": 140
								},
								"visible": true,
								"metadata": {
									"opacity": 1
								},
								"image": {
									"path": "images/Layer-Card4-oue4q0rd.png",
									"frame": {
										"x": 4,
										"y": 514,
										"width": 352,
										"height": 140
									}
								},
								"children": []
							},
							{
								"objectId": "D89C63D5-7CC4-4FE0-B011-96BE3E2CB7E5",
								"kind": "group",
								"name": "Card5",
								"originalName": "Card5*",
								"maskFrame": null,
								"layerFrame": {
									"x": 4,
									"y": 654,
									"width": 352,
									"height": 140
								},
								"visible": true,
								"metadata": {
									"opacity": 1
								},
								"image": {
									"path": "images/Layer-Card5-rdg5qzyz.png",
									"frame": {
										"x": 4,
										"y": 654,
										"width": 352,
										"height": 140
									}
								},
								"children": []
							},
							{
								"objectId": "B5C0E971-A4E8-4481-AC77-70BB5EA3201E",
								"kind": "group",
								"name": "Card6",
								"originalName": "Card6*",
								"maskFrame": null,
								"layerFrame": {
									"x": 4,
									"y": 794,
									"width": 352,
									"height": 140
								},
								"visible": true,
								"metadata": {
									"opacity": 1
								},
								"image": {
									"path": "images/Layer-Card6-qjvdmeu5.png",
									"frame": {
										"x": 4,
										"y": 794,
										"width": 352,
										"height": 140
									}
								},
								"children": []
							},
							{
								"objectId": "EB314B0A-8549-422C-9F7A-50B7BD4D0D2C",
								"kind": "group",
								"name": "Card7",
								"originalName": "Card7*",
								"maskFrame": null,
								"layerFrame": {
									"x": 4,
									"y": 934,
									"width": 352,
									"height": 140
								},
								"visible": true,
								"metadata": {
									"opacity": 1
								},
								"image": {
									"path": "images/Layer-Card7-ruizmtrc.png",
									"frame": {
										"x": 4,
										"y": 934,
										"width": 352,
										"height": 140
									}
								},
								"children": []
							}
						]
					},
					{
						"objectId": "76F4248B-7A5C-4905-88BB-F438FAC6DFD7",
						"kind": "group",
						"name": "Background",
						"originalName": "Background*",
						"maskFrame": null,
						"layerFrame": {
							"x": 0,
							"y": 0,
							"width": 360,
							"height": 640
						},
						"visible": true,
						"metadata": {
							"opacity": 1
						},
						"image": {
							"path": "images/Layer-Background-nzzgndi0.png",
							"frame": {
								"x": 0,
								"y": 0,
								"width": 360,
								"height": 640
							}
						},
						"children": []
					}
				]
			}
		]
	}
]