[
	{
		"objectId": "54DF383A-D862-43C7-AB1A-BE7C3BF67E4B",
		"kind": "artboard",
		"name": "Mobile_Portrait",
		"originalName": "Mobile Portrait",
		"maskFrame": null,
		"layerFrame": {
			"x": 446,
			"y": 82,
			"width": 360,
			"height": 640
		},
		"visible": true,
		"metadata": {},
		"backgroundColor": "rgba(255, 255, 255, 1)",
		"children": [
			{
				"objectId": "1183433D-2D9A-4F2B-A917-302D707701EA",
				"kind": "group",
				"name": "Navigation_Bar",
				"originalName": "Navigation Bar",
				"maskFrame": null,
				"layerFrame": {
					"x": -2,
					"y": 592,
					"width": 364,
					"height": 50
				},
				"visible": true,
				"metadata": {
					"opacity": 1
				},
				"image": {
					"path": "images/Layer-Navigation_Bar-mte4mzqz.png",
					"frame": {
						"x": -2,
						"y": 592,
						"width": 364,
						"height": 50
					}
				},
				"children": [
					{
						"objectId": "0EF54DB0-C9D1-4191-80D9-F82EB304FF1D",
						"kind": "group",
						"name": "Back_Navigation",
						"originalName": "Back Navigation",
						"maskFrame": null,
						"layerFrame": {
							"x": 52,
							"y": 592,
							"width": 48,
							"height": 48
						},
						"visible": true,
						"metadata": {
							"opacity": 1
						},
						"image": {
							"path": "images/Layer-Back_Navigation-mevgntre.png",
							"frame": {
								"x": 52,
								"y": 592,
								"width": 48,
								"height": 48
							}
						},
						"children": [
							{
								"objectId": "87FA78F2-BF20-4888-B3A9-DB67089E5516",
								"kind": "group",
								"name": "Back_Navigation_Touch_Target",
								"originalName": "Back Navigation Touch Target",
								"maskFrame": null,
								"layerFrame": {
									"x": 52,
									"y": 592,
									"width": 48,
									"height": 48
								},
								"visible": true,
								"metadata": {
									"opacity": 1
								},
								"image": {
									"path": "images/Layer-Back_Navigation_Touch_Target-oddgqtc4.png",
									"frame": {
										"x": 52,
										"y": 592,
										"width": 48,
										"height": 48
									}
								},
								"children": []
							}
						]
					}
				]
			},
			{
				"objectId": "0EACD8F5-1E27-4485-88B8-1156FD9E7043",
				"kind": "group",
				"name": "Drawer_Menu",
				"originalName": "Drawer Menu*",
				"maskFrame": null,
				"layerFrame": {
					"x": 0,
					"y": 0,
					"width": 300,
					"height": 640
				},
				"visible": true,
				"metadata": {
					"opacity": 1
				},
				"image": {
					"path": "images/Layer-Drawer_Menu-mevbq0q4.png",
					"frame": {
						"x": 0,
						"y": 0,
						"width": 300,
						"height": 640
					}
				},
				"children": []
			},
			{
				"objectId": "109A2CDC-8298-43CB-9509-942C01DED042",
				"kind": "group",
				"name": "Black_Background",
				"originalName": "Black Background*",
				"maskFrame": null,
				"layerFrame": {
					"x": 0,
					"y": 0,
					"width": 360,
					"height": 640
				},
				"visible": true,
				"metadata": {
					"opacity": 1
				},
				"image": {
					"path": "images/Layer-Black_Background-mta5qtjd.png",
					"frame": {
						"x": 0,
						"y": 0,
						"width": 360,
						"height": 640
					}
				},
				"children": []
			},
			{
				"objectId": "019CCC22-746B-4A96-BF12-FE87A1C353E9",
				"kind": "group",
				"name": "FAB_Button",
				"originalName": "FAB Button*",
				"maskFrame": null,
				"layerFrame": {
					"x": 282,
					"y": 517,
					"width": 68,
					"height": 68
				},
				"visible": true,
				"metadata": {
					"opacity": 1
				},
				"image": {
					"path": "images/Layer-FAB_Button-mde5q0nd.png",
					"frame": {
						"x": 282,
						"y": 517,
						"width": 68,
						"height": 68
					}
				},
				"children": []
			},
			{
				"objectId": "53072B41-2BBD-47DF-A017-CDEE2F21F50E",
				"kind": "group",
				"name": "App_Bar",
				"originalName": "App Bar",
				"maskFrame": null,
				"layerFrame": {
					"x": 0,
					"y": 0,
					"width": 360,
					"height": 80
				},
				"visible": true,
				"metadata": {
					"opacity": 1
				},
				"image": {
					"path": "images/Layer-App_Bar-ntmwnzjc.png",
					"frame": {
						"x": 0,
						"y": 0,
						"width": 360,
						"height": 80
					}
				},
				"children": [
					{
						"objectId": "44725756-B26B-4FA5-9263-01E50768B31D",
						"kind": "group",
						"name": "Search_Bar",
						"originalName": "Search Bar",
						"maskFrame": null,
						"layerFrame": {
							"x": 3,
							"y": 28,
							"width": 355,
							"height": 48
						},
						"visible": true,
						"metadata": {
							"opacity": 1
						},
						"children": [
							{
								"objectId": "38F84C22-ED7F-486F-811A-91C193D90250",
								"kind": "group",
								"name": "Cross_Icon",
								"originalName": "Cross Icon",
								"maskFrame": null,
								"layerFrame": {
									"x": 310,
									"y": 28,
									"width": 48,
									"height": 48
								},
								"visible": true,
								"metadata": {
									"opacity": 1
								},
								"image": {
									"path": "images/Layer-Cross_Icon-mzhgodrd.png",
									"frame": {
										"x": 310,
										"y": 28,
										"width": 48,
										"height": 48
									}
								},
								"children": [
									{
										"objectId": "CC3E66B5-1E89-4D7E-B826-E16D9A2691F5",
										"kind": "group",
										"name": "Cross_Icon_Touch_Target",
										"originalName": "Cross Icon Touch Target",
										"maskFrame": null,
										"layerFrame": {
											"x": 310,
											"y": 28,
											"width": 48,
											"height": 48
										},
										"visible": true,
										"metadata": {
											"opacity": 1
										},
										"image": {
											"path": "images/Layer-Cross_Icon_Touch_Target-q0mzrty2.png",
											"frame": {
												"x": 310,
												"y": 28,
												"width": 48,
												"height": 48
											}
										},
										"children": []
									}
								]
							},
							{
								"objectId": "C42F36C6-2C82-4560-B7D0-3710F5BED880",
								"kind": "group",
								"name": "Back_Icon",
								"originalName": "Back Icon",
								"maskFrame": null,
								"layerFrame": {
									"x": 3,
									"y": 28,
									"width": 48,
									"height": 48
								},
								"visible": true,
								"metadata": {
									"opacity": 1
								},
								"image": {
									"path": "images/Layer-Back_Icon-qzqyrjm2.png",
									"frame": {
										"x": 3,
										"y": 28,
										"width": 48,
										"height": 48
									}
								},
								"children": [
									{
										"objectId": "BB93B131-C8E9-46D5-97ED-974D0C7F3824",
										"kind": "group",
										"name": "Back_Icon_Touch_Target",
										"originalName": "Back Icon Touch Target",
										"maskFrame": null,
										"layerFrame": {
											"x": 3,
											"y": 28,
											"width": 48,
											"height": 48
										},
										"visible": true,
										"metadata": {
											"opacity": 0.01
										},
										"image": {
											"path": "images/Layer-Back_Icon_Touch_Target-qki5m0ix.png",
											"frame": {
												"x": 3,
												"y": 28,
												"width": 48,
												"height": 48
											}
										},
										"children": []
									}
								]
							},
							{
								"objectId": "C4B7FD94-CA1B-4067-814D-D30CB07CAE42",
								"kind": "text",
								"name": "Place_Holder",
								"originalName": "Place Holder",
								"maskFrame": null,
								"layerFrame": {
									"x": 71,
									"y": 44,
									"width": 135,
									"height": 15
								},
								"visible": true,
								"metadata": {
									"opacity": 1,
									"string": "Search Activities",
									"css": [
										"/* Search Activities: */",
										"opacity: 0.5;",
										"font-family: Roboto-Regular;",
										"font-size: 18px;",
										"color: #FFFFFF;"
									]
								},
								"image": {
									"path": "images/Layer-Place_Holder-qzrcn0ze.png",
									"frame": {
										"x": 71,
										"y": 44,
										"width": 135,
										"height": 15
									}
								},
								"children": []
							},
							{
								"objectId": "8A995108-1128-4CE0-81AF-7EF15AFB443B",
								"kind": "group",
								"name": "Search_Line",
								"originalName": "Search Line",
								"maskFrame": null,
								"layerFrame": {
									"x": 71,
									"y": 64,
									"width": 273,
									"height": 1
								},
								"visible": true,
								"metadata": {
									"opacity": 1
								},
								"image": {
									"path": "images/Layer-Search_Line-oee5otux.png",
									"frame": {
										"x": 71,
										"y": 64,
										"width": 273,
										"height": 1
									}
								},
								"children": []
							}
						]
					},
					{
						"objectId": "8967C595-D2C2-49A1-8182-334A93BC9CAD",
						"kind": "group",
						"name": "Menu_Icon",
						"originalName": "Menu Icon",
						"maskFrame": null,
						"layerFrame": {
							"x": 3,
							"y": 28,
							"width": 48,
							"height": 48
						},
						"visible": true,
						"metadata": {
							"opacity": 1
						},
						"image": {
							"path": "images/Layer-Menu_Icon-odk2n0m1.png",
							"frame": {
								"x": 3,
								"y": 28,
								"width": 48,
								"height": 48
							}
						},
						"children": [
							{
								"objectId": "4A2C1FE7-3984-41CB-BB0A-6FCD042788AD",
								"kind": "group",
								"name": "Menu_Icon_Touch_Target",
								"originalName": "Menu Icon Touch Target",
								"maskFrame": null,
								"layerFrame": {
									"x": 3,
									"y": 28,
									"width": 48,
									"height": 48
								},
								"visible": true,
								"metadata": {
									"opacity": 0.01
								},
								"image": {
									"path": "images/Layer-Menu_Icon_Touch_Target-neeyqzfg.png",
									"frame": {
										"x": 3,
										"y": 28,
										"width": 48,
										"height": 48
									}
								},
								"children": []
							}
						]
					},
					{
						"objectId": "24F6395C-F561-4A13-982F-CC35F553CB33",
						"kind": "group",
						"name": "Search_Icon",
						"originalName": "Search Icon",
						"maskFrame": null,
						"layerFrame": {
							"x": 310,
							"y": 28,
							"width": 48,
							"height": 48
						},
						"visible": true,
						"metadata": {
							"opacity": 1
						},
						"image": {
							"path": "images/Layer-Search_Icon-mjrgnjm5.png",
							"frame": {
								"x": 310,
								"y": 28,
								"width": 48,
								"height": 48
							}
						},
						"children": [
							{
								"objectId": "EEF9562B-44EB-4266-B676-70132D341FFF",
								"kind": "group",
								"name": "Search_Icon_Touch_Target",
								"originalName": "Search Icon Touch Target",
								"maskFrame": null,
								"layerFrame": {
									"x": 310,
									"y": 28,
									"width": 48,
									"height": 48
								},
								"visible": true,
								"metadata": {
									"opacity": 1
								},
								"image": {
									"path": "images/Layer-Search_Icon_Touch_Target-ruvgotu2.png",
									"frame": {
										"x": 310,
										"y": 28,
										"width": 48,
										"height": 48
									}
								},
								"children": []
							}
						]
					},
					{
						"objectId": "0D140D3C-3452-4DEA-B6BF-4DF2E7FF8D8C",
						"kind": "text",
						"name": "Feed_Title",
						"originalName": "Feed Title*",
						"maskFrame": null,
						"layerFrame": {
							"x": 73,
							"y": 43,
							"width": 126,
							"height": 17
						},
						"visible": true,
						"metadata": {
							"opacity": 1,
							"string": "Find Activities",
							"css": [
								"/* Find Activities: */",
								"font-family: Roboto-Medium;",
								"font-size: 20px;",
								"color: #FFFFFF;"
							]
						},
						"image": {
							"path": "images/Layer-Feed_Title-meqxndbe.png",
							"frame": {
								"x": 73,
								"y": 43,
								"width": 126,
								"height": 17
							}
						},
						"children": []
					},
					{
						"objectId": "760730E5-83F5-45DD-ACB2-546582B24A1B",
						"kind": "group",
						"name": "Status_Bar_Icons",
						"originalName": "Status Bar Icons*",
						"maskFrame": null,
						"layerFrame": {
							"x": 265,
							"y": 5,
							"width": 79,
							"height": 14
						},
						"visible": true,
						"metadata": {
							"opacity": 1
						},
						"image": {
							"path": "images/Layer-Status_Bar_Icons-nzywnzmw.png",
							"frame": {
								"x": 265,
								"y": 5,
								"width": 79,
								"height": 14
							}
						},
						"children": []
					}
				]
			},
			{
				"objectId": "EC2D1E7D-46F4-4DA6-9218-DF9A5A2CE808",
				"kind": "group",
				"name": "Results",
				"originalName": "Results",
				"maskFrame": null,
				"layerFrame": {
					"x": 0,
					"y": 96,
					"width": 360,
					"height": 326
				},
				"visible": true,
				"metadata": {
					"opacity": 1
				},
				"image": {
					"path": "images/Layer-Results-rumyrdff.png",
					"frame": {
						"x": 0,
						"y": 96,
						"width": 360,
						"height": 326
					}
				},
				"children": [
					{
						"objectId": "253E94E2-67A4-432F-8533-7992BFD4ADC4",
						"kind": "group",
						"name": "Results_Cards",
						"originalName": "Results Cards",
						"maskFrame": null,
						"layerFrame": {
							"x": 4,
							"y": 142,
							"width": 352,
							"height": 280
						},
						"visible": true,
						"metadata": {
							"opacity": 1
						},
						"children": [
							{
								"objectId": "78897536-CB62-495F-B4DA-D8A2B97E9434",
								"kind": "group",
								"name": "Card_Result_1",
								"originalName": "Card Result 1*",
								"maskFrame": null,
								"layerFrame": {
									"x": 4,
									"y": 142,
									"width": 352,
									"height": 140
								},
								"visible": true,
								"metadata": {
									"opacity": 1
								},
								"image": {
									"path": "images/Layer-Card_Result_1-nzg4otc1.png",
									"frame": {
										"x": 4,
										"y": 142,
										"width": 352,
										"height": 140
									}
								},
								"children": []
							},
							{
								"objectId": "A9D4AF3E-B23C-46F3-ADBB-C29077DBBA83",
								"kind": "group",
								"name": "Card_Result_2",
								"originalName": "Card Result 2*",
								"maskFrame": null,
								"layerFrame": {
									"x": 4,
									"y": 282,
									"width": 352,
									"height": 140
								},
								"visible": true,
								"metadata": {
									"opacity": 1
								},
								"image": {
									"path": "images/Layer-Card_Result_2-qtlenefg.png",
									"frame": {
										"x": 4,
										"y": 282,
										"width": 352,
										"height": 140
									}
								},
								"children": []
							}
						]
					}
				]
			},
			{
				"objectId": "5351C2B7-E3E6-47F5-889D-4EED4B76F6F3",
				"kind": "group",
				"name": "Suggested_Search",
				"originalName": "Suggested Search*",
				"maskFrame": null,
				"layerFrame": {
					"x": 0,
					"y": 96,
					"width": 360,
					"height": 239
				},
				"visible": true,
				"metadata": {
					"opacity": 1
				},
				"image": {
					"path": "images/Layer-Suggested_Search-ntm1mumy.png",
					"frame": {
						"x": 0,
						"y": 96,
						"width": 360,
						"height": 239
					}
				},
				"children": []
			},
			{
				"objectId": "3598F84A-6444-4D88-9DFF-58053364E08D",
				"kind": "group",
				"name": "Activities_Feed",
				"originalName": "Activities Feed",
				"maskFrame": null,
				"layerFrame": {
					"x": 4,
					"y": 94,
					"width": 352,
					"height": 980
				},
				"visible": true,
				"metadata": {
					"opacity": 1
				},
				"children": [
					{
						"objectId": "0200932E-1F74-499C-AD85-F69FA756843E",
						"kind": "group",
						"name": "Card_1",
						"originalName": "Card 1",
						"maskFrame": null,
						"layerFrame": {
							"x": 4,
							"y": 94,
							"width": 352,
							"height": 140
						},
						"visible": true,
						"metadata": {
							"opacity": 1
						},
						"image": {
							"path": "images/Layer-Card_1-mdiwmdkz.png",
							"frame": {
								"x": 4,
								"y": 94,
								"width": 352,
								"height": 140
							}
						},
						"children": [
							{
								"objectId": "04E99B0A-0D80-4527-B1D8-0C14B646C34C",
								"kind": "group",
								"name": "pexels_photo_27411_1",
								"originalName": "pexels-photo-27411-1",
								"maskFrame": {
									"x": 0,
									"y": 0,
									"width": 32,
									"height": 32
								},
								"layerFrame": {
									"x": 234,
									"y": 179,
									"width": 32,
									"height": 32
								},
								"visible": true,
								"metadata": {
									"opacity": 1
								},
								"image": {
									"path": "images/Layer-pexels_photo_27411_1-mdrfotlc.png",
									"frame": {
										"x": 234,
										"y": 179,
										"width": 32,
										"height": 32
									}
								},
								"children": []
							},
							{
								"objectId": "08AFE304-D3F4-40B0-94FF-E78D10A88B29",
								"kind": "group",
								"name": "pexels_photo_1",
								"originalName": "pexels-photo-1",
								"maskFrame": {
									"x": 0,
									"y": 0,
									"width": 32,
									"height": 32
								},
								"layerFrame": {
									"x": 194,
									"y": 179,
									"width": 32,
									"height": 32
								},
								"visible": true,
								"metadata": {
									"opacity": 1
								},
								"image": {
									"path": "images/Layer-pexels_photo_1-mdhbrkuz.png",
									"frame": {
										"x": 194,
										"y": 179,
										"width": 32,
										"height": 32
									}
								},
								"children": []
							},
							{
								"objectId": "D21F8F80-E99F-47A3-87E8-10514D5B78B4",
								"kind": "group",
								"name": "pexels_photo_26939",
								"originalName": "pexels-photo-26939",
								"maskFrame": {
									"x": 0,
									"y": 0,
									"width": 32,
									"height": 32
								},
								"layerFrame": {
									"x": 154,
									"y": 179,
									"width": 32,
									"height": 32
								},
								"visible": true,
								"metadata": {
									"opacity": 1
								},
								"image": {
									"path": "images/Layer-pexels_photo_26939-rdixrjhg.png",
									"frame": {
										"x": 154,
										"y": 179,
										"width": 32,
										"height": 32
									}
								},
								"children": []
							},
							{
								"objectId": "72998788-54E1-48DC-9D12-4F4927AE87BC",
								"kind": "group",
								"name": "sun_ball_tennis_court",
								"originalName": "sun-ball-tennis-court",
								"maskFrame": {
									"x": 0,
									"y": 0,
									"width": 130,
									"height": 132
								},
								"layerFrame": {
									"x": 8,
									"y": 96,
									"width": 130,
									"height": 132
								},
								"visible": true,
								"metadata": {
									"opacity": 1
								},
								"image": {
									"path": "images/Layer-sun_ball_tennis_court-nzi5otg3.png",
									"frame": {
										"x": 8,
										"y": 96,
										"width": 130,
										"height": 132
									}
								},
								"children": []
							}
						]
					},
					{
						"objectId": "53D7E2E7-E158-44AC-A1E9-E751A8F9B661",
						"kind": "group",
						"name": "Card_2",
						"originalName": "Card 2*",
						"maskFrame": null,
						"layerFrame": {
							"x": 4,
							"y": 234,
							"width": 352,
							"height": 140
						},
						"visible": true,
						"metadata": {
							"opacity": 1
						},
						"image": {
							"path": "images/Layer-Card_2-ntnen0uy.png",
							"frame": {
								"x": 4,
								"y": 234,
								"width": 352,
								"height": 140
							}
						},
						"children": []
					},
					{
						"objectId": "666554D9-B1BD-4E64-A870-EDBB6ABBC122",
						"kind": "group",
						"name": "Card_3",
						"originalName": "Card 3*",
						"maskFrame": null,
						"layerFrame": {
							"x": 4,
							"y": 374,
							"width": 352,
							"height": 140
						},
						"visible": true,
						"metadata": {
							"opacity": 1
						},
						"image": {
							"path": "images/Layer-Card_3-njy2ntu0.png",
							"frame": {
								"x": 4,
								"y": 374,
								"width": 352,
								"height": 140
							}
						},
						"children": []
					},
					{
						"objectId": "7F6A8A9F-3FF1-46FD-906B-FB2CAE485B63",
						"kind": "group",
						"name": "Card_4",
						"originalName": "Card 4*",
						"maskFrame": null,
						"layerFrame": {
							"x": 4,
							"y": 514,
							"width": 352,
							"height": 140
						},
						"visible": true,
						"metadata": {
							"opacity": 1
						},
						"image": {
							"path": "images/Layer-Card_4-n0y2qthb.png",
							"frame": {
								"x": 4,
								"y": 514,
								"width": 352,
								"height": 140
							}
						},
						"children": []
					},
					{
						"objectId": "15592140-DB07-425A-ADDF-BC1D16D46E8A",
						"kind": "group",
						"name": "Card_5",
						"originalName": "Card 5*",
						"maskFrame": null,
						"layerFrame": {
							"x": 4,
							"y": 654,
							"width": 352,
							"height": 140
						},
						"visible": true,
						"metadata": {
							"opacity": 1
						},
						"image": {
							"path": "images/Layer-Card_5-mtu1otix.png",
							"frame": {
								"x": 4,
								"y": 654,
								"width": 352,
								"height": 140
							}
						},
						"children": []
					},
					{
						"objectId": "FA5BE918-860F-4001-A8CD-4D69454A043E",
						"kind": "group",
						"name": "Card_6",
						"originalName": "Card 6*",
						"maskFrame": null,
						"layerFrame": {
							"x": 4,
							"y": 794,
							"width": 352,
							"height": 140
						},
						"visible": true,
						"metadata": {
							"opacity": 1
						},
						"image": {
							"path": "images/Layer-Card_6-rke1qku5.png",
							"frame": {
								"x": 4,
								"y": 794,
								"width": 352,
								"height": 140
							}
						},
						"children": []
					},
					{
						"objectId": "7F540E63-4FFF-48B7-9244-3AC255E5EA8E",
						"kind": "group",
						"name": "Card_7",
						"originalName": "Card 7*",
						"maskFrame": null,
						"layerFrame": {
							"x": 4,
							"y": 934,
							"width": 352,
							"height": 140
						},
						"visible": true,
						"metadata": {
							"opacity": 1
						},
						"image": {
							"path": "images/Layer-Card_7-n0y1ndbf.png",
							"frame": {
								"x": 4,
								"y": 934,
								"width": 352,
								"height": 140
							}
						},
						"children": []
					}
				]
			},
			{
				"objectId": "BDAA5EA9-58B1-4B17-8087-1679DD2537B2",
				"kind": "group",
				"name": "Background",
				"originalName": "Background*",
				"maskFrame": null,
				"layerFrame": {
					"x": 0,
					"y": 0,
					"width": 360,
					"height": 640
				},
				"visible": true,
				"metadata": {
					"opacity": 1
				},
				"image": {
					"path": "images/Layer-Background-qkrbqtvf.png",
					"frame": {
						"x": 0,
						"y": 0,
						"width": 360,
						"height": 640
					}
				},
				"children": []
			}
		]
	}
]